模型名,中文名,描述
'speech-paraformer-large-asr-nat-zh-cn-16k-common-vocab8404-pytorch','Paraformer语音识别-中文-通用-16k-离线-large-pytorch','Paraformer是一种非自回归端到端语音识别模型。非自回归模型相比于目前主流的自回归模型，可以并行的对整条句子输出目标文字，特别适合利用GPU进行并行推理。Paraformer是目前已知的首个在工业大数据上可以获得和自回归端到端模型相同性能的非自回归模型。配合GPU推理，可以将推理效率提升10倍，从而将语音识别云服务的机器成本降低接近10倍。'
'cv-fft-inpainting-lama','LaMa图像填充','针对自然图片进行填充恢复，支持高分辨率图像的输入，同时支持在线refinement，使得高分辨率图片恢复出更加真实的内容细节'
'cv-unet-person-image-cartoon-compound-models','DCT-Net人像卡通化','该模型采用全新的DCT-Net（Domain-Calibrated Translation） 域校准图像翻译模型，利用小样本的风格数据，即可得到高保真、强鲁棒、易拓展的人像风格转换模型。'
'cv-resnet-carddetection-scrfd34gkps','卡证检测矫正模型','输入一张图片，检测其中是否出现卡证，如有则返回卡证的矩形框和角点，以及矫正后的卡证图像。'
'cv-resnet18-human-detection','人体检测-通用-Base','给定一张输入图像，输出图像中人体的坐标。'
'cv-resnet50-face-detection-retinaface','RetinaFace人脸检测关键点模型','给定一张图片，返回图片中人脸区域的位置和五点关键点。RetinaFace为当前学术界和工业界精度较高的人脸检测和人脸关键点定位二合一的方法，被CVPR 2020 录取。该方法的主要贡献是: 引入关键点分支，可以在训练阶段引入关键点预测分支进行多任务学习，提供额外的互补特征，inference去掉关键点分支即可，并不会引入额外的计算量。'
'cv-unet-person-image-cartoon-handdrawn-compound-models','DCT-Net人像卡通化-手绘','该模型采用全新的DCT-Net（Domain-Calibrated Translation） 域校准图像翻译模型，利用小样本的风格数据，即可得到高保真、强鲁棒、易拓展的人像手绘风格转换模型。'
'cv-resnet-face-recognition-facemask','口罩人脸识别模型FaceMask',''
'cv-unet-person-image-cartoon-3d-compound-models','DCT-Net人像卡通化-3D','该模型采用全新的DCT-Net（Domain-Calibrated Translation） 域校准图像翻译模型，利用小样本的风格数据，即可得到高保真、强鲁棒、易拓展的人像3D风格转换模型。'
'cv-tinynas-object-detection-damoyolo','DAMOYOLO-高性能通用检测模型-S','DAMOYOLO是一款面向工业落地的高性能检测框架，精度和速度超越当前的一众典型YOLO框架（YOLOE、YOLOv6、YOLOv7）。基于TinyNAS技术，DAMOYOLO能够针对不同的硬件算力，进行低成本的模型定制化搜索。这里仅提供DAMOYOLO-S模型，更多模型请参考README。'
'cv-unet-person-image-cartoon-artstyle-compound-models','DCT-Net人像卡通化-艺术','该模型采用全新的DCT-Net（Domain-Calibrated Translation） 域校准图像翻译模型，利用小样本的风格数据，即可得到高保真、强鲁棒、易拓展的人像艺术风格转换模型。'
'cv-unet-person-image-cartoon-sketch-compound-models','DCT-Net人像卡通化-素描','该模型采用全新的DCT-Net（Domain-Calibrated Translation） 域校准图像翻译模型，利用小样本的风格数据，即可得到高保真、强鲁棒、易拓展的人像素描风格转换模型。'
'ofa-image-caption-coco-large-en','OFA图像描述-英文-通用领域-large','根据用户输入的任意图片，AI智能创作模型3秒内快速写出“一句话描述”，可用于图像标签和图像简介。'
'speech-paraformer-large-vad-punc-asr-nat-zh-cn-16k-common-vocab8404-pytorch','Paraformer语音识别-中文-通用-16k-离线-large-长音频版','Paraformer-large长音频模型集成VAD、ASR、标点与时间戳功能，可直接对时长为数小时音频进行识别，并输出带标点文字与时间戳'
'cv-unet-image-matting','BSHM人像抠图','人像抠图对输入含有人像的图像进行处理，无需任何额外输入，实现端到端人像抠图，输出四通道人像抠图结果。'
'cv-unet-skin-retouching','ABPN人像美肤','人像美肤模型对输入含有人像的图像进行处理，无需任何额外输入，实现脸部皮肤区域匀肤（处理痘印、肤色不均等）、去瑕疵（脂肪粒、斑点、痣等）及全身皮肤区域美白。模型仅对皮肤区域进行处理，不影响其他区域。'
'mgeo-geographic-entity-alignment-chinese-base','MGeo地址相似度匹配实体对齐-中文-地址领域-base','模型判断两条地址是否指代同一道路、村庄、POI等。将两条地址的关系分为完全对齐、部分对齐、不对齐。该任务是构建地理信息知识库的核心技术。'
'cv-F3Net-product-segmentation','图像分割-商品展示图场景的商品分割-电商领域','通用商品分割模型，适用于商品展示图场景'
'cv-convnextTiny-ocr-recognition-general-damo','读光-文字识别-行识别模型-中英-通用领域','给定一张图片，识别出图中所含文字并输出字符串。'
'cv-resnet18-ocr-detection-line-level-damo','读光-文字检测-行检测模型-中英-通用领域','本模型是以自底向上的方式，先检测文本块，然后对文本块聚类成行，最终输出文字行的外接框的坐标值。给定一张图片，检测出图中所含文字的外接框的端点的坐标值。'
'speech-paraformer-asr-nat-zh-cn-16k-common-vocab8358-tensorflow1','Paraformer语音识别-中文-通用-16k-离线','Paraformer是一种非自回归端到端语音识别模型。非自回归模型相比于目前主流的自回归模型，可以并行的对整条句子输出目标文字，特别适合利用GPU进行并行推理。Paraformer是目前已知的首个在工业大数据上可以获得和自回归端到端模型相同性能的非自回归模型。配合GPU推理，可以将推理效率提升10倍，从而将语音识别云服务的机器成本降低接近10倍。'
'cv-swinL-panoptic-segmentation-cocopan','Mask2Former-SwinL全景分割','基于Mask2Former架构，SwinL为backbone的全景分割模型。训练数据库为COCO-Panoptic'
'speech-frcrn-ans-cirm-16k','FRCRN语音降噪-单麦-16k','支持音频通话场景和各种噪声环境下语音音频录音的单通道语音智能降噪模型算法。模型输入和输出均为16kHz采样率单通道语音时域波形信号，输入信号可有单通道麦克风直接进行录制，输出为噪声抑制后的语音音频信号[1]。'
'cv-gpen-image-portrait-enhancement','GPEN人像修复增强','GPEN将预训练好的StyleGAN2网络作为decoder嵌入到人像修复模型中，并通过finetune的方式最终实现修复功能，在多项指标上达到行业领先的效果。'
'ofa-image-caption-muge-base-zh','OFA图像描述-中文-电商领域-base','根据用户输入的任意商品图片，AI智能创作模型3秒内快速写出“商品描述”。'
'mplug-image-captioning-coco-base-en','mPLUG图像描述模型-英文-base','达摩MPLUG英文图像描述base模型'
'speech-sambert-hifigan-tts-zhiyan-emo-zh-cn-16k','语音合成-中文-多情感领域-16k-发音人Zhiyan','本模型是一种应用于参数TTS系统的后端声学模型及声码器模型。其中后端声学模型的SAM-BERT,将时长模型和声学模型联合进行建模。声码器在HIFI-GAN开源工作的基础上，我们针对16k, 48k采样率下的模型结构进行了调优设计，并提供了基于因果卷积的低时延流式生成和chunk流式生成机制，可与声学模型配合支持CPU、GPU等硬件条件下的实时流式合成。'
'mgeo-geographic-elements-tagging-chinese-base','MGeo门址地址结构化要素解析-中文-地址领域-base','模型用于识别门址地址中的常见要素，例如：行政区划信息、路网信息、POI (兴趣点)、楼栋号、户室号等。'
'multi-modal-clip-vit-large-patch14-336-zh','CLIP模型-中文-通用领域-large-336分辨率','本项目为CLIP模型的中文版本，使用大规模中文数据进行训练（~2亿图文对），旨在帮助用户实现中文领域的跨模态检索、图像表示等。视觉encoder采用vit结构，文本encoder采用roberta结构。 模型在多个中文图文检索数据集上进行了效果测试。'
'mplug-visual-question-answering-coco-large-en','mPLUG视觉问答模型-英文-large','本任务是mPLUG，在英文VQA数据集进行finetune的视觉问答下游任务。给定一个问题和图片，通过图片信息来给出答案。'
'cv-resnet50-video-category','短视频内容分类模型-中文-通用领域','本模型采用ResNet-50网络结构提取视觉特征，并利用NextVLAD网络对连续视频帧进行特征聚合。本模型是对短视频进行内容分类，输入视频片段，输出视频内容分类，目前已经覆盖了23个一级类目/160个二级类目。'
'cv-resnet-facedetection-scrfd10gkps','SCRFD人脸检测关键点模型','输入图片，检测其中的人脸区域及5点关键点，支持检测极大/极小脸和任意角度人脸。'
'cv-nafnet-image-denoise-sidd','NAFNet图像去噪','NAFNet（Nonlinear Activation Free Network）提出了一个简单的基线，计算效率高。其不需要使用非线性激活函数（Sigmoid、ReLU、GELU、Softmax等），可以达到SOTA性能。'
'cv-vit-base-image-classification-Dailylife-labels','ViT图像分类-中文-日常物品','自建1300类常见物体标签体系，覆盖常见的日用品，动物，植物，家具，设备，食物等物体，标签从海量中文互联网社区语料进行提取，保留了出现频率较高的常见物体名称。模型结构采用最新的ViT-Base结构。'
'ofa-visual-grounding-refcoco-large-zh','OFA通过描述定位图像物体-中文-通用领域-large','中文视觉定位任务：给定一张图片，一段描述，通过描述找到图片对应的物体。'
'speech-sambert-hifigan-tts-zh-cn-16k','语音合成-中文-多情感领域-16k-多发音人','本模型是一种应用于参数TTS系统的后端声学模型及声码器模型。其中后端声学模型的SAM-BERT,将时长模型和声学模型联合进行建模。声码器在HIFI-GAN开源工作的基础上，我们针对16k, 48k采样率下的模型结构进行了调优设计，并提供了基于因果卷积的低时延流式生成和chunk流式生成机制，可与声学模型配合支持CPU、GPU等硬件条件下的实时流式合成。'
'mplug-image-captioning-coco-large-en','mPLUG图像描述模型-英文-large','达摩MPLUG英文图像描述large模型'
'cv-nanodet-face-human-hand-detection','目标检测-人脸人体人手-通用领域','通用场景下的，人脸-人体-人手三合一目标检测'
'cv-ddcolor-image-colorization','DDColor图像上色','DDColor 是最新的图像上色算法，输入一张黑白图像，返回上色处理后的彩色图像，并能够实现自然生动的上色效果。'
'cv-hrnetv2w32-body-2d-keypoints-image','HRNet人体关键点-2D','输入一张人物图像，实现端到端的人体关键点检测，输出图像中所有人体的15点人体关键点、点位置信度和人体检测框。'
'cv-resnest101-general-recognition','万物识别-中文-通用领域','本模型是对包含主体物体的图像进行标签识别，无需任何额外输入，输出主体物体的类别标签，目前已经覆盖了5W多类的物体类别，几乎囊括了日常所有物体。'
'cv-convnextTiny-ocr-recognition-document-damo','读光-文字识别-行识别模型-中英-文档印刷体文本领域','给定一张文档印刷体图片，识别出图中所含文字并输出字符串。'
'spring-couplet-generation','春联生成模型-中文-base','春联生成模型是达摩院AliceMind团队利用基础生成大模型在春联场景的应用，该模型可以通过输入两字随机祝福词，生成和祝福词相关的春联。'
'speech-sambert-hifigan-tts-zhitian-emo-zh-cn-16k','语音合成-中文-多情感领域-16k-发音人Zhitian','本模型是一种应用于参数TTS系统的后端声学模型及声码器模型。其中后端声学模型的SAM-BERT,将时长模型和声学模型联合进行建模。声码器在HIFI-GAN开源工作的基础上，我们针对16k, 48k采样率下的模型结构进行了调优设计，并提供了基于因果卷积的低时延流式生成和chunk流式生成机制，可与声学模型配合支持CPU、GPU等硬件条件下的实时流式合成。'
'cv-csrnet-image-color-enhance-models','CSRNet图像调色','基于CSRNet实现的图像色彩增强算法，输入待增强图像，输出色彩增强后的图像。CSRNet通过计算全局调整参数并将之作用于条件网络得到的特征，保证效果的基础之上实现轻便高效的训练和推理。'
'cv-googlenet-pgl-video-summarization','PGL_SUM视频摘要-Web视频领域','视频摘要，输入一段长视频，算法对视频进行镜头切割得到视频片段，评估视频帧的重要性，输出重要视频帧的帧号，根据帧号可以合成一段短视频（摘要视频）。'
'ofa-visual-question-answering-pretrain-large-en','OFA视觉问答-英文-通用领域-large','视觉问答任务：给定一张图片和一个关于图片的问题，要求模型正确作答。'
'ofa-visual-grounding-refcoco-large-en','OFA通过描述定位图像物体-英文-通用领域-large','视觉定位任务：给定一张图片，一段描述，通过描述找到图片对应的物体。'
'cv-vitb-video-single-object-tracking-ostrack-l','视频单目标跟踪-通用领域-L',''
'cv-aams-style-transfer-damo','AAMS图像风格迁移','给定内容图像和风格图像作为输入，风格迁移模型会自动地将内容图像的风格、纹理特征变换为风格图像的类型，同时保证图像的内容特征不变'
'cv-r50-panoptic-segmentation-cocopan','Mask2Former-R50全景分割','基于Mask2Former架构，resnet50为backbone的全景分割模型。训练数据库为COCO-Panoptic。支持finetune。'
'cv-gan-face-image-generation','StyleGAN2人脸生成','StyleGAN是图像生成领域的代表性工作，StyleGAN2在StyleGAN的基础上，采用Weight Demodulation取代AdaIN等改进极大的减少了water droplet artifacts等，生成结果有了质的提升，甚至能达到以假乱真的程度。'
'cv-convnextTiny-ocr-recognition-handwritten-damo','读光-文字识别-行识别模型-中英-手写文本领域','给定一张手写体图片，识别出图中所含文字并输出字符串。'
'cv-tinynas-object-detection-damoyolo-m','DAMOYOLO-高性能通用检测模型-M','DAMOYOLO是一款面向工业落地的高性能检测框架，精度和速度超越当前的一众典型YOLO框架（YOLOE、YOLOv6、YOLOv7）。基于TinyNAS技术，DAMOYOLO能够针对不同的硬件算力，进行低成本的模型定制化搜索。这里仅提供DAMOYOLO-M模型，更多模型请参考README。'
'cv-swin-b-image-instance-segmentation-coco','CascadeMaskRCNN-SwinB图像实例分割','基于Cascade mask rcnn架构，backbone为swin transformer模型。'
'speech-charctc-kws-phone-xiaoyun','CTC语音唤醒-移动端-单麦-16k-小云小云','移动端语音唤醒模型，检测关键词为“小云小云”。模型主体为4层FSMN结构，使用CTC训练准则，参数量750K，适用于移动端设备运行。'
'ofa-ocr-recognition-scene-base-zh','OFA文字识别-中文-日常场景-base','基于OFA模型的finetune后的OCR文字识别任务，可有效识别日常场景的文字内容，比如广告牌、店铺名等等'
'cv-rrdb-image-super-resolution','RealESRGAN图像超分辨率-x4','RealESRGAN提出了通过多次降质的方式来模拟真实复杂降质，相比较于之前的简单下采样，能够更好处理真实的低分辨率场景。'
'cv-convnextTiny-ocr-recognition-licenseplate-damo','读光-文字识别-行识别模型-中英-车牌文本领域','给定一张车牌图片，识别出图中所含文字并输出字符串。'
'speech-paraformer-large-asr-nat-zh-cn-16k-common-vocab8358-tensorflow1','Paraformer语音识别-中文-通用-16k-离线-large','Paraformer是一种非自回归端到端语音识别模型。非自回归模型相比于目前主流的自回归模型，可以并行的对整条句子输出目标文字，特别适合利用GPU进行并行推理。Paraformer是目前已知的首个在工业大数据上可以获得和自回归端到端模型相同性能的非自回归模型。配合GPU推理，可以将推理效率提升10倍，从而将语音识别云服务的机器成本降低接近10倍。'
'speech-fsmn-vad-zh-cn-16k-common-pytorch','FSMN语音端点检测-中文-通用-16k','FSMN-Monophone VAD模型，可用于检测长语音片段中有效语音的起止时间点。'
'cv-convnextTiny-ocr-recognition-scene-damo','读光-文字识别-行识别模型-中英-自然场景文本领域','给定一张自然场景图片，识别出图中所含文字并输出字符串。'
'speech-sambert-hifigan-tts-zhibei-emo-zh-cn-16k','语音合成-中文-多情感领域-16k-发音人Zhibei','本模型是一种应用于参数TTS系统的后端声学模型及声码器模型。其中后端声学模型的SAM-BERT,将时长模型和声学模型联合进行建模。声码器在HIFI-GAN开源工作的基础上，我们针对16k, 48k采样率下的模型结构进行了调优设计，并提供了基于因果卷积的低时延流式生成和chunk流式生成机制，可与声学模型配合支持CPU、GPU等硬件条件下的实时流式合成。'
'ofa-image-caption-coco-huge-en','OFA图像描述-英文-通用领域-huge','根据用户输入的任意图片，AI智能创作模型3秒内快速写出“一句话描述”，可用于图像标签和图像简介。'
'cv-tinynas-classification','TinyNAS高性能图像分类网络结构模型','ZenNet 是基于 Tiny-NAS (Zen-NAS) 算法设计出的高效的卷积网络结构。 本 demo 只提供 zennet_imagenet1k_latency12ms_res22 backbone，其它网络结构可以从README 中获取。'
'cv-vitb16-segmentation-shop-seg','商品显著性图像分割-电商领域','商品显著性分割模型，对商品图像提取显著性区域mask'
'multi-modal-chinese-stable-diffusion-v1_0','中文StableDiffusion-通用领域',''
'ofa-ocr-recognition-general-base-zh','OFA文字识别-中文-通用场景-base','基于OFA模型的finetune后的OCR文字识别任务，基于通用数据集训练，比特定数据集finetune效果相差不大。'
'cv-unet-image-colorization','DeOldify图像上色','DeOldify是图像上色领域比较有名的开源算法，模型利用resnet作为encoder构建一个unet结构的网络，并提出了多个不同的训练版本，在效果、效率、鲁棒性等等方面有良好的综合表现。'
'punc-ct-transformer-zh-cn-common-vocab272727-pytorch','CT-Transformer标点-中文-通用-pytorch','中文标点通用模型：可用于语音识别模型输出文本的标点预测。'
'cv-passvitb-image-reid-person-market','行人图像特征表示提取-Market1501','基于图片的行人图像特征表示（image embedding）提取模型。输入图像，可提取并输出图像的特征表示，后续能够利用该特征表示进行后续的相似度计算和图像排序。'
'cv-hrnet-crowd-counting-dcanet','DCANet人群密度估计-多域','采用单一模型就可以同时针对多个不同域的数据进行精确预测，是multidomain crowd counting中经典的方法'
'cv-flow-based-body-reshaping-damo','FBBR人体美型','给定一张单个人物图像（半身或全身），无需任何额外输入，人体美型模型能够端到端地实现对人物身体区域（肩部，腰部，腿部等）的自动化美型处理。'
'cv-vitb-video-single-object-tracking-ostrack','视频单目标跟踪-通用领域','该模型采用基于Transformer的方案，输入视频和对应第一帧的待跟踪目标物体矩形框，可端对端推理得到待跟踪目标物体在每一帧图片的跟踪矩形框。'
'cv-cspnet-image-object-detection-yolox','实时目标检测-通用领域','基于yolox小模型的通用检测模型'
'cv-u2net-salient-detection','U2Net图像显著性检测','给定一张输入图像，输出视觉显著注意力程度图（归一化至0~255）。'
'cv-vitb16-classification-vision-efficient-tuning-adapter','基础视觉模型高效调优-Adapter',''
'cv-ResNetC3D-action-detection-detection2d','日常动作检测','输入视频文件，输出该段时间内视频所包含的动作，当前支持9中常见动作识别'
'speech-sambert-hifigan-tts-zhizhe-emo-zh-cn-16k','语音合成-中文-多情感领域-16k-发音人Zhizhe','本模型是一种应用于参数TTS系统的后端声学模型及声码器模型。其中后端声学模型的SAM-BERT,将时长模型和声学模型联合进行建模。声码器在HIFI-GAN开源工作的基础上，我们针对16k, 48k采样率下的模型结构进行了调优设计，并提供了基于因果卷积的低时延流式生成和chunk流式生成机制，可与声学模型配合支持CPU、GPU等硬件条件下的实时流式合成。'
'speech-UniASR-asr-2pass-zh-cn-16k-common-vocab8358-tensorflow1-offline','UniASR语音识别-中文-通用-16k-离线','UniASR是离线流式一体化语音识别系统。UniASR同时具有高精度和低延时的特点，不仅能够实时输出语音识别结果，而且能够在说话句尾用高精度的解码结果修正输出，与此同时，UniASR采用动态延时训练的方式，替代了之前维护多套延时流式系统的做法。'
'cv-vit-b32-retrieval-vop','VoP: 通用跨模态视频检索模型','VoP是基于CLIP的快速跨模态检索微调框架，可以适用于任何需要做视频文本跨模态检索的“视频-文本对”数据当中。'
'speech-dfsmn-aec-psm-16k','DFSMN回声消除-单麦单参考-16k','支持音频通话场景的单通道回声消除模型算法。模型接受单通道麦克风信号和单通道参考信号作为输入，输出回声消除和残余抑制后的音频信号[1]。模型采用Deep FSMN结构，提取原始观测信号以及线性滤波后信号的Fbank特征作为输入，预测输出目标语音的Phase senstive mask。'
'cv-vit-base-image-classification-ImageNet-labels','ViT图像分类-通用','本模型适用范围较广，支持ImageNet 1000类物体识别，也可作为下游任务的预训练backbone。'
'cv-mobilenet-face-2d-keypoints-alignment','106点人脸关键点-通用领域-2D','人脸2d关键点对齐模型'
'cv-resnet101-face-detection-cvpr22papermogface','MogFace人脸检测模型-large','Wider Face榜单冠军模型。给定一张图片，检测图片中的人脸区域，支持小脸检测。'
'ofa-image-caption-coco-distilled-en','OFA图像描述-英文-通用领域-蒸馏33M','根据用户输入的任意图片，AI智能创作模型3秒内快速写出“一句话描述”，可用于图像标签和图像简介。'
'ofa-ocr-recognition-handwriting-base-zh','OFA文字识别-中文-手写体-base','基于OFA模型的finetune后的OCR文字识别任务，可有效识别手写体文字。'
'multi-modal-clip-vit-base-patch16-zh','CLIP模型-中文-通用领域-base','本项目为CLIP模型的中文版本，使用大规模中文数据进行训练（~2亿图文对），旨在帮助用户实现中文领域的跨模态检索、图像表示等。视觉encoder采用vit结构，文本encoder采用roberta结构。 模型在多个中文图文检索数据集上进行了效果测试。'
'speech-UniASR-asr-2pass-cn-en-moe-16k-vocab8358-tensorflow1-offline','UniASR语音识别-中文英文混-通用-16k-离线','UniASR是离线流式一体化语音识别系统。UniASR同时具有高精度和低延时的特点，不仅能够实时输出语音识别结果，而且能够在说话句尾用高精度的解码结果修正输出，与此同时，UniASR采用动态延时训练的方式，替代了之前维护多套延时流式系统的做法。'
'cv-nextvit-small-image-classification-Dailylife-labels','NextViT实时图像分类-中文-日常物品','采用基于Transformer的第一个实现工业TensorRT实时落地的Next-ViT模型结构，对自建1300类常见物体标签体系进行分类。'
'cv-pathshift-action-recognition','PST动作识别模型-tiny','Patch Shift Transformer（PST）是把2D Transformer 模型在不增加参数量的情况下转换成适应视频多帧输入的动作识别模型'
'cv-resnest101-animal-recognition','动物识别-中文-通用领域','本模型是对含有动物的图像进行标签识别，无需任何额外输入，输出动物的类别标签，目前已经覆盖了8K多类的细粒度的动物类别。'
'speech-dfsmn-kws-char-farfield-16k-nihaomiya','FSMN远场唤醒-双麦-16k-你好米雅','远场唤醒模型，输入为双麦克风阵列的双通道音频加一路音箱播放的参考音频，适用于智能音箱、故事机等智能设备场景。此demo使用开源数据训练，唤醒词为“你好米雅”，用户可使用我们提供的训练套件基于自有数据训练新唤醒词。'
'speech-UniASR-asr-2pass-zh-cn-16k-common-vocab8358-tensorflow1-online','UniASR语音识别-中文-通用-16k-实时','UniASR是离线流式一体化语音识别系统。UniASR同时具有高精度和低延时的特点，不仅能够实时输出语音识别结果，而且能够在说话句尾用高精度的解码结果修正输出，与此同时，UniASR采用动态延时训练的方式，替代了之前维护多套延时流式系统的做法。'
'speech-UniASR-large-asr-2pass-zh-cn-16k-common-vocab8358-tensorflow1-offline','UniASR语音识别-中文-通用-16k-离线-large','UniASR是离线流式一体化语音识别系统。UniASR同时具有高精度和低延时的特点，不仅能够实时输出语音识别结果，而且能够在说话句尾用高精度的解码结果修正输出，与此同时，UniASR采用动态延时训练的方式，替代了之前维护多套延时流式系统的做法。'
'ofa-visual-question-answering-pretrain-huge-en','OFA视觉问答模型-英文-通用领域-huge','视觉问答任务：给定一张图片和一个关于图片的问题，要求模型正确作答。'
'cv-swinL-semantic-segmentation-cocopanmerge','Mask2Former-SwinL语义分割','基于Mask2Former架构，SwinL为backbone的语义分割模型'
'speech-UniASR-asr-2pass-cn-dialect-16k-vocab8358-tensorflow1-offline','UniASR语音识别-中文方言-通用-16k-离线','UniASR是离线流式一体化语音识别系统。UniASR同时具有高精度和低延时的特点，不仅能够实时输出语音识别结果，而且能够在说话句尾用高精度的解码结果修正输出，与此同时，UniASR采用动态延时训练的方式，替代了之前维护多套延时流式系统的做法。'
'speech-paraformer-asr-nat-aishell1-pytorch','Paraformer语音识别-中文-aishell1-16k-离线','Paraformer是一种非自回归端到端语音识别模型。非自回归模型相比于目前主流的自回归模型，可以并行的对整条句子输出目标文字，特别适合利用GPU进行并行推理。Paraformer是目前已知的首个在工业大数据上可以获得和自回归端到端模型相同性能的非自回归模型。配合GPU推理，可以将推理效率提升10倍，从而将语音识别云服务的机器成本降低接近10倍。'
'cv-manual-face-detection-mtcnn','Mtcnn人脸检测关键点模型','给定一张图片，返回图片中人脸区域的位置和五点关键点。MTCNN是工业界广泛应用的检测关键点二合一模型。'
'cv-cspnet-video-object-detection-streamyolo','StreamYOLO实时视频目标检测-自动驾驶领域','实时视频目标检测模型'
'cv-newcrfs-image-depth-estimation-indoor','基于神经窗口全连接CRFs的单目深度估计','单目深度估计是从单张RGB图预测场景深度，是一个很具有挑战性的任务。现在做这个任务的方法大都是设计越来越复杂的网络来简单粗暴地回归深度图，但我们采取了一个更具可解释性的路子，就是使用优化方法中的条件随机场（CRFs）。由于CRFs的计算量很大，通常只会用于计算相邻节点的能量，而很难用于计算整个图模型中所有节点之间的能量。为了借助这种全连接CRFs的强大表征力，我们采取了一种折中的方法，即将整个图模型划分为一个个小窗口，在每个窗口里面进行全连接CRFs的计算，这样就可以大大减少计算量，使全连接CRFs在深度估计这一任务上成为了可能。同时，为了更好地在节点之间进行信息传递，我们利用多头注意力机制计算了多头能量函数，然后用网络将这个能量函数优化到一个精确的深度图。基于此，我们用视觉transformer作为encoder，神经窗口全连接条件随机场作为decoder，构建了一个bottom-up-top-down的网络架构，这个网络在KITTI、NYUv2上都取得了SOTA的性能，同时可以应用于全景图深度估计任务，在MatterPort3D上也取得了SOTA的性能。'
'ofa-ocr-recognition-document-base-zh','OFA文字识别-中文-印刷体-base','基于OFA模型的finetune后的OCR文字识别任务，可有效识别印刷体文字。'
'cv-vit-object-detection-coco','VitDet图像目标检测','输入一张图片，输出图像中较通用目标（COCO-80类范围）的位置及类别。'
'cv-vitb-video-single-object-tracking-ostrack-uav-l','视频单目标跟踪-无人机-L',''
'cv-manual-face-detection-ulfd','ULFD人脸检测模型-tiny','1M轻量级人脸检测模型。给定一张图片，返回图片中人脸位置的坐标。ULFD为轻量级人脸检测算法, 基于SSD框架手工设计了backbone结构，是业界开源的第一个1M人脸检测模型。当输入320x240分辨率的图片且未使用onnxruntime加速时，在CPU上跑需要50-60ms，当使用onnxruntime加速后，在CPU上仅需要8-11ms。'
'cv-canonical-body-3d-keypoints-video','人体关键点检测-通用领域-3D','输入一段单人视频，实现端到端的3D人体关键点检测，输出视频中每一帧的3D人体关键点坐标。'
'ofa-mmspeech-asr-aishell1-large-zh','OFA-MMSpeech语音识别-中文-aishell1-large','对比SOTA，MMSpeech字错误率降低了48.3%/42.4%，效果达到1.6%/1.9%，远超SOTA 3.1%/3.3%（benchmark为AIShell1 dev/test）。'
'cv-vitb16-classification-vision-efficient-tuning-prompt','基础视觉模型高效调优-Prompt',''
'speech-UniASR-asr-2pass-ja-16k-common-vocab93-tensorflow1-online','UniASR语音识别-日语-通用-16k-实时','UniASR是离线流式一体化语音识别系统。UniASR同时具有高精度和低延时的特点，不仅能够实时输出语音识别结果，而且能够在说话句尾用高精度的解码结果修正输出，与此同时，UniASR采用动态延时训练的方式，替代了之前维护多套延时流式系统的做法。'
'speech-UniASR-asr-2pass-ja-16k-common-vocab93-tensorflow1-offline','UniASR语音识别-日语-通用-16k-离线','UniASR是离线流式一体化语音识别系统。UniASR同时具有高精度和低延时的特点，不仅能够实时输出语音识别结果，而且能够在说话句尾用高精度的解码结果修正输出，与此同时，UniASR采用动态延时训练的方式，替代了之前维护多套延时流式系统的做法。'
'mplug-visual-question-answering-coco-base-zh','mPLUG视觉问答模型-中文-base','本任务是mPLUG在中文VQA进行finetune的视觉问答下游任务，给定一个问题和图片，通过图片信息来给出答案。'
'speech-sambert-hifigan-tts-andy-en-us-16k','语音合成-美式英文-通用领域-16k-发音人Andy','本模型是一种应用于参数TTS系统的后端声学模型及声码器模型。其中后端声学模型的SAM-BERT,将时长模型和声学模型联合进行建模。声码器在HIFI-GAN开源工作的基础上，我们针对16k, 48k采样率下的模型结构进行了调优设计，并提供了基于因果卷积的低时延流式生成和chunk流式生成机制，可与声学模型配合支持CPU、GPU等硬件条件下的实时流式合成。'
'speech-UniASR-asr-2pass-en-16k-common-vocab1080-tensorflow1-offline','UniASR语音识别-英语-通用-16k-离线','UniASR是离线流式一体化语音识别系统。UniASR同时具有高精度和低延时的特点，不仅能够实时输出语音识别结果，而且能够在说话句尾用高精度的解码结果修正输出，与此同时，UniASR采用动态延时训练的方式，替代了之前维护多套延时流式系统的做法。'
'cv-cspnet-image-object-detection-yolox-nano-coco','实时目标检测-通用领域-移动端','通用实时检测超轻量级模型'
'cv-tinynas-detection','AIRDet-高性能检测模型-S','AIRDet高性能检测模型是基于Tiny-NAS技术设计出的卷积神经网络，具有精度高、速度快的特点，这里只提供S模型。借助Tiny-NAS技术能够实现针对硬件算力的最优模型搜索能力，更多模型请参考README获取。'
'cv-segformer-b0-image-semantic-segmentation-coco-stuff164k','Segformer-B0实时语义分割','Neurips2021文章SegFormer: Simple and Efficient Design for Semantic Segmentation with Transformers在COCO_Stuff164K数据集上的复现。官方源码暂没有提供COCO_Stuff164K的相关实现。本模型基于Segformer分割框架所配置训练的实时语义分割框架。使用了一个GPU上实时运行的配置结构。在CoCo-Stuff-164的数据集上进行了172类的分类'
'ofa-image-classification-imagenet-large-en','OFA图像分类-数据集imagenet1k-large','ImageNet-1K图片分类任务：给定一张图片，要求模型从1K个候选类别中正确给出图片分类标签。'
'speech-UniASR-asr-2pass-cn-en-moe-16k-vocab8358-tensorflow1-online','UniASR语音识别-中文英文混-通用-16k-实时','UniASR是离线流式一体化语音识别系统。UniASR同时具有高精度和低延时的特点，不仅能够实时输出语音识别结果，而且能够在说话句尾用高精度的解码结果修正输出，与此同时，UniASR采用动态延时训练的方式，替代了之前维护多套延时流式系统的做法。'
'cv-vitl16-segmentation-text-driven-seg','文本指导的图像分割-英文-通用领域','vitl backbone，输入英文文本描述和图像，根据英文描述对图像进行语义分割'
'cv-yolox-image-object-detection-auto','实时目标检测-自动驾驶领域','检测自动驾驶场景图片的目标，支持车辆检测。'
'speech-UniASR-asr-2pass-cn-dialect-16k-vocab8358-tensorflow1-online','UniASR语音识别-中文方言-通用-16k-实时','UniASR是离线流式一体化语音识别系统。UniASR同时具有高精度和低延时的特点，不仅能够实时输出语音识别结果，而且能够在说话句尾用高精度的解码结果修正输出，与此同时，UniASR采用动态延时训练的方式，替代了之前维护多套延时流式系统的做法。'
'speech-sambert-hifigan-tts-luna-en-gb-16k','语音合成-英式英文-通用领域-16k-发音人Luna','本模型是一种应用于参数TTS系统的后端声学模型及声码器模型。其中后端声学模型的SAM-BERT,将时长模型和声学模型联合进行建模。声码器在HIFI-GAN开源工作的基础上，我们针对16k, 48k采样率下的模型结构进行了调优设计，并提供了基于因果卷积的低时延流式生成和chunk流式生成机制，可与声学模型配合支持CPU、GPU等硬件条件下的实时流式合成。'
'cv-resnet50-bert-video-scene-segmentation-movienet','BaSSL视频场景分割-长视频领域','针对长视频进行场景分割，也可按照镜头进行分割，有助于进行视频拆条和视频理解等。该模型支持分割结果的本地保存，同时可以支持微调操作。'
'speech-UniASR-asr-2pass-id-16k-common-vocab1067-tensorflow1-offline','UniASR语音识别-印尼语-通用-16k-离线','UniASR是离线流式一体化语音识别系统。UniASR同时具有高精度和低延时的特点，不仅能够实时输出语音识别结果，而且能够在说话句尾用高精度的解码结果修正输出，与此同时，UniASR采用动态延时训练的方式，替代了之前维护多套延时流式系统的做法。'
'cv-stable-diffusion-v2-image-inpainting-base','StableDiffusionV2图像填充','借助Stable Diffusion强大的生成能力，StableDiffusionv2图像填充模型能够补全缺失的图像区域，生成效果自然而真实；不仅如此，除了自适应填充背景内容外，用户还可以通过指定引导文字在缺失区域生成指定内容，畅享AI生成的乐趣。'
'cv-yolopv2-image-driving-perception-bdd100k','YOLOPV2车辆检测车道线分割-自动驾驶领域','YOLOPv2 适用于自动驾驶场景下的实时全景驾驶感知, 同时执行三种不同的任务，分别为车辆检测，可行驶区域分割以及车道线分割。'
'cv-tinynas-object-detection-damoyolo-t','DAMOYOLO-高性能通用检测模型-T','DAMOYOLO是一款面向工业落地的高性能检测框架，精度和速度超越当前的一众典型YOLO框架（YOLOE、YOLOv6、YOLOv7）。基于TinyNAS技术，DAMOYOLO能够针对不同的硬件算力，进行低成本的模型定制化搜索。这里仅提供DAMOYOLO-T模型，更多模型请参考README。'
'cv-hrnetw48-human-wholebody-keypoint-image','全身关键点检测-通用领域-2D','输入一张人物图像，端到端检测全身133点关键点，输出人体框和对应的全身关键点，包含68个人脸关键点、42个手势关键点、17个骨骼关键点和6个脚步关键点。'
'speech-paraformer-asr-nat-zh-cn-8k-common-vocab8358-tensorflow1','Paraformer语音识别-中文-通用-8k-离线','Paraformer是一种非自回归端到端语音识别模型。非自回归模型相比于目前主流的自回归模型，可以并行的对整条句子输出目标文字，特别适合利用GPU进行并行推理。Paraformer是目前已知的首个在工业大数据上可以获得和自回归端到端模型相同性能的非自回归模型。配合GPU推理，可以将推理效率提升10倍，从而将语音识别云服务的机器成本降低接近10倍。'
'cv-realbasicvsr-video-super-resolution-videolq','RealBasicVSR视频超分辨率','长期传播会在轻度退化的情况下提高性能，但严重的退化可能会通过传播被放大，从而损害输出视频的质量。为了平衡细节合成和退化抑制之间的权衡，RealBasicVSR引入了图像预清理模块，在质量和效率上都优于现有方法。'
'cv-tinynas-human-detection-damoyolo','实时人体检测-通用','本模型为高性能热门应用系列检测模型中的实时人体检测模型，基于面向工业落地的高性能检测框架DAMOYOLO，其精度和速度超越当前经典的YOLO系列方法。用户使用的时候，仅需要输入一张图像，便可以获得图像中所有人体的坐标信息。更多具体信息请参考Model card。'
'speech-UniASR-asr-2pass-zh-cn-8k-common-vocab3445-pytorch-online','UniASR语音识别-中文-通用-8k-实时-pytorch','UniASR是离线流式一体化语音识别系统。UniASR同时具有高精度和低延时的特点，不仅能够实时输出语音识别结果，而且能够在说话句尾用高精度的解码结果修正输出，与此同时，UniASR采用动态延时训练的方式，替代了之前维护多套延时流式系统的做法。'
'speech-UniASR-asr-2pass-id-16k-common-vocab1067-tensorflow1-online','UniASR语音识别-印尼语-通用-16k-实时','UniASR是离线流式一体化语音识别系统。UniASR同时具有高精度和低延时的特点，不仅能够实时输出语音识别结果，而且能够在说话句尾用高精度的解码结果修正输出，与此同时，UniASR采用动态延时训练的方式，替代了之前维护多套延时流式系统的做法。'
'speech-paraformer-large-contextual-asr-nat-zh-cn-16k-common-vocab8404','Paraformer语音识别-中文-通用-16k-离线-large-热词版','基于Paraformer-large的热词版本模型，可实现对热词的定制化，基于提供的热词列表对热词进行激励增强，提升模型对热词的召回'
'speech-UniASR-asr-2pass-ru-16k-common-vocab1664-tensorflow1-online','UniASR语音识别-俄语-通用-16k-实时','UniASR是离线流式一体化语音识别系统。UniASR同时具有高精度和低延时的特点，不仅能够实时输出语音识别结果，而且能够在说话句尾用高精度的解码结果修正输出，与此同时，UniASR采用动态延时训练的方式，替代了之前维护多套延时流式系统的做法。'
'cv-resnet18-ocr-detection-word-level-damo','读光-文字检测-单词检测模型-英文-通用领域','本模型是以自底向上的方式，先检测文本块和文字行之间的吸引排斥关系，然后对文本块聚类成行，最终输出单词的外接框的坐标值。'
'speech-sambert-hifigan-tts-annie-en-us-16k','语音合成-美式英文-通用领域-16k-发音人Annie','本模型是一种应用于参数TTS系统的后端声学模型及声码器模型。其中后端声学模型的SAM-BERT,将时长模型和声学模型联合进行建模。声码器在HIFI-GAN开源工作的基础上，我们针对16k, 48k采样率下的模型结构进行了调优设计，并提供了基于因果卷积的低时延流式生成和chunk流式生成机制，可与声学模型配合支持CPU、GPU等硬件条件下的实时流式合成。'
'cv-hrnetw18-hand-pose-keypoints-coco-wholebody','手部关键点检测-通用领域-2D','该模型采用自顶向下的Heatmap手部关键点检测框架，通过端对端的快速推理可以得到图像中的全部手部关键点。'
'cv-dla34-table-structure-recognition-cycle-centernet','读光-表格结构识别-有线表格','有线表格结构识别，输入图像，检测出单元格bbox并将其拼接起来得到精准而完整的表格。'
'cv-res2net-salient-detection','图像显著性目标检测','给定一张输入图像，输出视觉显著注意力程度图。'
'cv-ir101-facerecognition-cfglint','CurricularFace人脸识别模型','输入一张图片，检测矫正人脸区域后提取特征，两个人脸特征可用于人脸比对，多个人脸特征可用于人脸检索。'
'ofa-ocr-recognition-web-base-zh','OFA文字识别-中文-网络场景-base','基于OFA模型的finetune后的OCR文字识别任务，可有效识别网络场景的文字内容。'
'speech-sambert-hifigan-tts-luca-en-gb-16k','语音合成-英式英文-通用领域-16k-发音人Luca','本模型是一种应用于参数TTS系统的后端声学模型及声码器模型。其中后端声学模型的SAM-BERT,将时长模型和声学模型联合进行建模。声码器在HIFI-GAN开源工作的基础上，我们针对16k, 48k采样率下的模型结构进行了调优设计，并提供了基于因果卷积的低时延流式生成和chunk流式生成机制，可与声学模型配合支持CPU、GPU等硬件条件下的实时流式合成。'
'cv-convnext-base-image-classification-garbage','ConvNeXt图像分类-中文-垃圾分类','自建265类常见的生活垃圾标签体系，15w张图片数据，包含可回收垃圾、厨余垃圾、有害垃圾、其他垃圾4个标准垃圾大类，覆盖常见的食品，厨房用品，家具，家电等生活垃圾，标签从海量中文互联网社区语料进行提取，整理出了频率较高的常见生活垃圾名称。模型结构采用ConvNeXt-Base结构, 经过大规模数据集ImageNet-22K预训练后，在数据集上进行微调。'
'speech-UniASR-asr-2pass-ru-16k-common-vocab1664-tensorflow1-offline','UniASR语音识别-俄语-通用-16k-离线','UniASR是离线流式一体化语音识别系统。UniASR同时具有高精度和低延时的特点，不仅能够实时输出语音识别结果，而且能够在说话句尾用高精度的解码结果修正输出，与此同时，UniASR采用动态延时训练的方式，替代了之前维护多套延时流式系统的做法。'
'cv-segformer-b5-image-semantic-segmentation-coco-stuff164k','Segformer-B5实时语义分割','Neurips2021文章SegFormer: Simple and Efficient Design for Semantic Segmentation with Transformers在COCO_Stuff164K数据集上的复现。官方源码暂没有提供COCO_Stuff164K的相关实现。本模型基于Segformer分割框架所配置训练的实时语义分割框架。使用了一个GPU上运行精度最高的配置结构。在CoCo-Stuff-164的数据集上进行了172类的分类'
'speech-mossformer-separation-temporal-8k','MossFormer语音分离-单麦-8k','基于MossFormer的语音分离模型，可以把混杂在一起的两人语音分离开来，输入为一路混合音频，输出为两路分离后的音频，格式均为8000Hz单通道。'
'speech-paraformer-asr-nat-zh-cn-16k-common-vocab3444-tensorflow1-online','Paraformer语音识别-中文-通用-16k-实时','Paraformer是一种非自回归端到端语音识别模型。非自回归模型相比于目前主流的自回归模型，可以并行的对整条句子输出目标文字，特别适合利用GPU进行并行推理。Paraformer是目前已知的首个在工业大数据上可以获得和自回归端到端模型相同性能的非自回归模型。配合GPU推理，可以将推理效率提升10倍，从而将语音识别云服务的机器成本降低接近10倍。'
'speech-UniASR-asr-2pass-ko-16k-common-vocab6400-tensorflow1-online','UniASR语音识别-韩语-通用-16k-实时','UniASR是离线流式一体化语音识别系统。UniASR同时具有高精度和低延时的特点，不仅能够实时输出语音识别结果，而且能够在说话句尾用高精度的解码结果修正输出，与此同时，UniASR采用动态延时训练的方式，替代了之前维护多套延时流式系统的做法。'
'cv-manual-facial-landmark-confidence-flcm','FLCM人脸关键点置信度模型',''
'ofa-visual-grounding-refcoco-distilled-en','OFA通过描述定位图像物体-英文-通用领域-蒸馏33M','视觉定位任务：给定一张图片，一段描述，通过描述找到图片对应的物体。'
'speech-UniASR-asr-2pass-en-16k-common-vocab1080-tensorflow1-online','UniASR语音识别-英语-通用-16k-实时','UniASR是离线流式一体化语音识别系统。UniASR同时具有高精度和低延时的特点，不仅能够实时输出语音识别结果，而且能够在说话句尾用高精度的解码结果修正输出，与此同时，UniASR采用动态延时训练的方式，替代了之前维护多套延时流式系统的做法。'
'cv-segformer-b4-image-semantic-segmentation-coco-stuff164k','Segformer-B4实时语义分割','Neurips2021文章SegFormer: Simple and Efficient Design for Semantic Segmentation with Transformers在COCO_Stuff164K数据集上的复现。官方源码暂没有提供COCO_Stuff164K的相关实现。本模型基于Segformer分割框架所配置训练的语义分割框架。网络模型结构的具体超参数为论文中的B4配置。在CoCo-Stuff-164的数据集上进行了172类的分类'
'speech-UniASR-asr-2pass-zh-cn-8k-common-vocab8358-tensorflow1-offline','UniASR语音识别-中文-通用-8k-离线','UniASR是离线流式一体化语音识别系统。UniASR同时具有高精度和低延时的特点，不仅能够实时输出语音识别结果，而且能够在说话句尾用高精度的解码结果修正输出，与此同时，UniASR采用动态延时训练的方式，替代了之前维护多套延时流式系统的做法。'
'speech-sambert-hifigan-tts-en-us-16k','语音合成-美式英文-通用领域-16k-多发音人','本模型是一种应用于参数TTS系统的后端声学模型及声码器模型。其中后端声学模型的SAM-BERT,将时长模型和声学模型联合进行建模。声码器在HIFI-GAN开源工作的基础上，我们针对16k, 48k采样率下的模型结构进行了调优设计，并提供了基于因果卷积的低时延流式生成和chunk流式生成机制，可与声学模型配合支持CPU、GPU等硬件条件下的实时流式合成。'
'cv-alex-video-single-object-tracking-siamfc','Siamfc视频单目标跟踪-通用领域-S',''
'speech-UniASR-asr-2pass-zh-cn-8k-common-vocab8358-tensorflow1-online','UniASR语音识别-中文-通用-8k-实时','UniASR是离线流式一体化语音识别系统。UniASR同时具有高精度和低延时的特点，不仅能够实时输出语音识别结果，而且能够在说话句尾用高精度的解码结果修正输出，与此同时，UniASR采用动态延时训练的方式，替代了之前维护多套延时流式系统的做法。'
'speech-UniASR-asr-2pass-fa-16k-common-vocab1257-pytorch-offline','UniASR语音识别-波斯语-通用-16k-离线','UniASR是离线流式一体化语音识别系统。UniASR同时具有高精度和低延时的特点，不仅能够实时输出语音识别结果，而且能够在说话句尾用高精度的解码结果修正输出，与此同时，UniASR采用动态延时训练的方式，替代了之前维护多套延时流式系统的做法。'
'cv-manual-face-detection-tinymog','TinyMog人脸检测器-tiny',''
'cv-clip-it-video-summarization-language-guided-en','CLIP_It自然语言引导的视频摘要-Web视频领域-英文','自然语言引导的视频摘要，用户根据自己的需求输入一段自然语言和一个长视频，算法根据用户输入自然语言的内容对输入视频进行自适应的视频摘要。'
'speech-fsmn-vad-zh-cn-8k-common','FSMN语音端点检测-中文-通用-8k','FSMN-Monophone VAD模型，可用于检测长语音片段中有效语音的起止时间点。'
'speech-UniASR-asr-2pass-cantonese-CHS-16k-common-vocab1468-tensorflow1-online','UniASR语音识别-粤语简体-通用-16k-实时','UniASR是离线流式一体化语音识别系统。UniASR同时具有高精度和低延时的特点，不仅能够实时输出语音识别结果，而且能够在说话句尾用高精度的解码结果修正输出，与此同时，UniASR采用动态延时训练的方式，替代了之前维护多套延时流式系统的做法。'
'speech-UniASR-asr-2pass-cantonese-CHS-16k-common-vocab1468-tensorflow1-offline','UniASR语音识别-粤语简体-通用-16k-离线','UniASR是离线流式一体化语音识别系统。UniASR同时具有高精度和低延时的特点，不仅能够实时输出语音识别结果，而且能够在说话句尾用高精度的解码结果修正输出，与此同时，UniASR采用动态延时训练的方式，替代了之前维护多套延时流式系统的做法。'
'cv-hrnetocr-skychange','图像天空替换模型',''
'speech-sambert-hifigan-tts-en-gb-16k','语音合成-英式英文-通用领域-16k-多发音人','本模型是一种应用于参数TTS系统的后端声学模型及声码器模型。其中后端声学模型的SAM-BERT,将时长模型和声学模型联合进行建模。声码器在HIFI-GAN开源工作的基础上，我们针对16k, 48k采样率下的模型结构进行了调优设计，并提供了基于因果卷积的低时延流式生成和chunk流式生成机制，可与声学模型配合支持CPU、GPU等硬件条件下的实时流式合成。'
'cv-diffusion-text-to-image-synthesis-tiny','文本到图像生成扩散模型-中英文-通用领域-tiny','文本到图像生成扩散模型-中英文-通用领域-tiny'
'cv-res2net-camouflaged-detection','图像伪装色目标检测','给定一张输入图像，输出视觉显著注意力程度图（归一化至0~255）。'
'cv-segformer-b2-image-semantic-segmentation-coco-stuff164k','Segformer-B2实时语义分割','Neurips2021文章SegFormer: Simple and Efficient Design for Semantic Segmentation with Transformers在COCO_Stuff164K数据集上的复现。官方源码暂没有提供COCO_Stuff164K的相关实现。本模型基于Segformer分割框架所配置训练的语义分割框架。网络模型结构的具体超参数为论文中的B2配置。在CoCo-Stuff-164的数据集上进行了172类的分类'
'speech-UniASR-asr-2pass-es-16k-common-vocab3445-tensorflow1-online','UniASR语音识别-西班牙语-通用-16k-实时','UniASR是离线流式一体化语音识别系统。UniASR同时具有高精度和低延时的特点，不仅能够实时输出语音识别结果，而且能够在说话句尾用高精度的解码结果修正输出，与此同时，UniASR采用动态延时训练的方式，替代了之前维护多套延时流式系统的做法。'
'speech-UniASR-asr-2pass-ko-16k-common-vocab6400-tensorflow1-offline','UniASR语音识别-韩语-通用-16k-离线','UniASR是离线流式一体化语音识别系统。UniASR同时具有高精度和低延时的特点，不仅能够实时输出语音识别结果，而且能够在说话句尾用高精度的解码结果修正输出，与此同时，UniASR采用动态延时训练的方式，替代了之前维护多套延时流式系统的做法。'
'cv-segformer-b3-image-semantic-segmentation-coco-stuff164k','Segformer-B3实时语义分割','Neurips2021文章SegFormer: Simple and Efficient Design for Semantic Segmentation with Transformers在COCO_Stuff164K数据集上的复现。官方源码暂没有提供COCO_Stuff164K的相关实现。本模型基于Segformer分割框架所配置训练的语义分割框架。网络模型结构的具体超参数为论文中的B3配置。在CoCo-Stuff-164的数据集上进行了172类的分类'
'cv-resnet18-license-plate-detection-damo','读光-车牌检测-通用',''
'mplug-image-captioning-coco-base-zh','mPLUG图像描述模型-中文-base','mPLUG中文图像描述base模型'
'cv-nafnet-image-deblur-gopro','NAFNet图像去模糊','NAFNet（Nonlinear Activation Free Network）提出了一个简单的基线，计算效率高。其不需要使用非线性激活函数（Sigmoid、ReLU、GELU、Softmax等），可以达到SOTA性能。'
'cv-segformer-b1-image-semantic-segmentation-coco-stuff164k','Segformer-B1实时语义分割','Neurips2021文章SegFormer: Simple and Efficient Design for Semantic Segmentation with Transformers在COCO_Stuff164K数据集上的复现。官方源码暂没有提供COCO_Stuff164K的相关实现。本模型基于Segformer分割框架所配置训练的实时语义分割框架。网络模型结构的具体超参数为论文中的B1配置。在CoCo-Stuff-164的数据集上进行了172类的分类'
'ofa-text-to-image-synthesis-coco-large-en','OFA文生图模型-英文-通用领域-large','文本到图像生成任务：输入一句英文描述文本，模型会返回一张符合文本描述的256*256分辨率图像。'
'ofa-mmspeech-asr-aishell1-base-zh','OFA-MMSpeech语音识别-中文-aishell1-base','对比SOTA，MMSpeech字错误率降低了48.3%/42.4%，效果达到1.6%/1.9%，远超SOTA 3.1%/3.3%（benchmark为AIShell1 dev/test）。'
'speech-paraformer-asr-nat-zh-cn-16k-aishell1-vocab4234-pytorch','Paraformer语音识别-中文-aishell1-16k-离线-pytorch','Paraformer是一种非自回归端到端语音识别模型。非自回归模型相比于目前主流的自回归模型，可以并行的对整条句子输出目标文字，特别适合利用GPU进行并行推理。Paraformer是目前已知的首个在工业大数据上可以获得和自回归端到端模型相同性能的非自回归模型。配合GPU推理，可以将推理效率提升10倍，从而将语音识别云服务的机器成本降低接近10倍。'
'ofa-mmspeech-pretrain-base-zh','OFA-MMSpeech语音识别预训练-中文-通用领域-base','对比SOTA，MMSpeech字错误率降低了48.3%/42.4%，效果达到1.6%/1.9%，远超SOTA 3.1%/3.3%（benchmark为AIShell1 dev/test）。'
'ofa-mmspeech-pretrain-large-zh','OFA-MMSpeech语音识别预训练-中文-通用领域-large','对比SOTA，MMSpeech字错误率降低了48.3%/42.4%，效果达到1.6%/1.9%，远超SOTA 3.1%/3.3%（benchmark为AIShell1 dev/test）。'
'speech-UniASR-asr-2pass-es-16k-common-vocab3445-tensorflow1-offline','UniASR语音识别-西班牙语-通用-16k-离线','UniASR是离线流式一体化语音识别系统。UniASR同时具有高精度和低延时的特点，不仅能够实时输出语音识别结果，而且能够在说话句尾用高精度的解码结果修正输出，与此同时，UniASR采用动态延时训练的方式，替代了之前维护多套延时流式系统的做法。'
'speech-paraformer-asr-nat-zh-cn-8k-common-vocab3444-tensorflow1-online','Paraformer语音识别-中文-通用-8k-实时','Paraformer是一种非自回归端到端语音识别模型。非自回归模型相比于目前主流的自回归模型，可以并行的对整条句子输出目标文字，特别适合利用GPU进行并行推理。Paraformer是目前已知的首个在工业大数据上可以获得和自回归端到端模型相同性能的非自回归模型。配合GPU推理，可以将推理效率提升10倍，从而将语音识别云服务的机器成本降低接近10倍。'
'cv-vitb16-classification-vision-efficient-tuning-prefix','基础视觉模型高效调优-Prefix',''
'cv-yolox-pai-hand-detection','YOLOX-PAI手部检测模型','输入一张图像，并对其中手部区域进行检测，输出所有手部区域检测框、置信度和标签。'
'cv-unet-image-face-fusion-damo','图像人脸融合','给定一张模板图像和一张用户图像，图像人脸融合模型能够自动地将用户图中的人脸融合到模板人脸图像中，生成一张包含用户图人脸特征的新图像。'
'cv-resnet34-face-attribute-recognition-fairface','人脸属性识别模型FairFace','给定一张带人脸的图片，返回其性别和年龄范围。'
'cv-vitb16-classification-vision-efficient-tuning-lora','基础视觉模型高效调优-LoRA',''
'cv-dut-raft-video-stabilization-base','DUT-RAFT视频稳像',''
'mgeo-geographic-composition-analysis-chinese-base','MGeo地址Query成分分析要素识别-中文-地址领域-base','模型用于识别地址query中的区划、路网、POI、户室号、公交地铁、品牌商圈等元素。'
'cv-tinynas-uav-detection-damoyolo','无人机检测模型-S',''
'cv-raft-video-frame-interpolation','VFI-RAFT视频插帧','给定一段低帧率视频，模型通过对帧间的光流和运动估计生成中间帧，最终输出一段高帧率视频，从而提升视频的流畅度。'
'mgeo-geographic-textual-similarity-rerank-chinese-base','MGeo地址QueryPOI相关性排序-中文-地址领域-base','模型对用户输入的地址query以及候选POI列表（包括每个POI包括POI的地址描述以及POI位置）进行相关性排序。'
'speech-paraformerbert-asr-nat-zh-cn-16k-aishell2-vocab5212-pytorch','ParaformerBert语音识别-中文-aishell2-16k-离线-pytorch','Paraformer是一种非自回归端到端语音识别模型。非自回归模型相比于目前主流的自回归模型，可以并行的对整条句子输出目标文字，特别适合利用GPU进行并行推理。Paraformer是目前已知的首个在工业大数据上可以获得和自回归端到端模型相同性能的非自回归模型。配合GPU推理，可以将推理效率提升10倍，从而将语音识别云服务的机器成本降低接近10倍。'
'speech-conformer-asr-nat-zh-cn-16k-aishell2-vocab5212-pytorch','Conformer语音识别-中文-aishell2-16k-离线-pytorch','Conformer模型通过在self-attenion基础上叠加卷积模块来加强模型的局部信息建模能力，进一步提升了模型的效果。Conformer已经在AISHELL-1、AISHELL-2、LibriSpeech等多个开源数据上取得SOTA结果。'
'cv-tinynas-object-detection-damoyolo-cigarette','实时香烟检测-通用','本模型为高性能热门应用系列检测模型中的实时香烟检测模型，基于面向工业落地的高性能检测框架DAMOYOLO，其精度和速度超越当前经典的YOLO系列方法。用户使用的时候，仅需要输入一张图像，便可以获得图像中所有香烟的坐标信息，并可用于吸烟检测等后续应用场景。更多具体信息请参考Model card。'
'speech-UniASR-asr-2pass-zh-cn-8k-common-vocab3445-pytorch-offline','UniASR语音识别-中文-通用-8k-离线-pytorch','UniASR是离线流式一体化语音识别系统。UniASR同时具有高精度和低延时的特点，不仅能够实时输出语音识别结果，而且能够在说话句尾用高精度的解码结果修正输出，与此同时，UniASR采用动态延时训练的方式，替代了之前维护多套延时流式系统的做法。'
'multi-modal-clip-vit-large-patch14-zh','CLIP模型-中文-通用领域-large','本项目为CLIP模型的中文版本，使用大规模中文数据进行训练（~2亿图文对），旨在帮助用户实现中文领域的跨模态检索、图像表示等。视觉encoder采用vit结构，文本encoder采用roberta结构。 模型在多个中文图文检索数据集上进行了效果测试。'
'cv-tinynas-object-detection-damoyolo-facemask','实时口罩检测-通用','本模型为高性能热门应用系列检测模型中的实时口罩检测模型，基于面向工业落地的高性能检测框架DAMOYOLO，其精度和速度超越当前经典的YOLO系列方法。用户使用的时候，仅需要输入一张图像，便可以获得图像中所有人脸的坐标信息，以及是否佩戴口罩。更多具体信息请参考Model card。'
'cv-effnetv2-video-human-matting','视频人像抠图模型-通用领域','输入一段视频，返回视频中人像的alpha序列'
'speech-paraformerbert-asr-nat-zh-cn-16k-aishell1-vocab4234-pytorch','ParaformerBert语音识别-中文-aishell1-16k-离线-pytorch','Paraformer是一种非自回归端到端语音识别模型。非自回归模型相比于目前主流的自回归模型，可以并行的对整条句子输出目标文字，特别适合利用GPU进行并行推理。Paraformer是目前已知的首个在工业大数据上可以获得和自回归端到端模型相同性能的非自回归模型。配合GPU推理，可以将推理效率提升10倍，从而将语音识别云服务的机器成本降低接近10倍。'
'cv-crnn-ocr-recognition-general-damo','读光-文字识别-CRNN模型-中英-通用领域',''
'speech-paraformer-asr-nat-zh-cn-16k-aishell2-vocab5212-pytorch','Paraformer语音识别-中文-aishell2-16k-离线-pytorch','Paraformer是一种非自回归端到端语音识别模型。非自回归模型相比于目前主流的自回归模型，可以并行的对整条句子输出目标文字，特别适合利用GPU进行并行推理。Paraformer是目前已知的首个在工业大数据上可以获得和自回归端到端模型相同性能的非自回归模型。配合GPU推理，可以将推理效率提升10倍，从而将语音识别云服务的机器成本降低接近10倍。'
'mgeo-geographic-where-what-cut-chinese-base','MGeo地址地点WhereWhat切分-中文-地址领域-base','模型提供将一条地址切分为门址+POI描述的功能。当一条地址包含多个地点描述时，通常需要对其进行切分，将原始地址切为where和what两部分。'
'multi-modal-clip-vit-huge-patch14-zh','CLIP模型-中文-通用领域-huge','本项目为CLIP模型的中文版本，使用大规模中文数据进行训练（~2亿图文对），旨在帮助用户实现中文领域的跨模态检索、图像表示等。视觉encoder采用vit结构，文本encoder采用roberta结构。 模型在多个中文图文检索数据集上进行了效果测试。'
'cv-vitadapter-semantic-segmentation-cocostuff164k','Mask2Former-ViTAdapter语义分割','该语义分割模型基于Mask2Former架构，ViTAdapter为backbone，训练数据库为COCO-Stuff164k。'
'cv-nafnet-image-deblur-reds','NAFNet图像去模糊压缩','NAFNet（Nonlinear Activation Free Network）提出了一个简单的基线，计算效率高。其不需要使用非线性激活函数（Sigmoid、ReLU、GELU、Softmax等），可以达到SOTA性能。'
'cv-TAdaConv-action-recognition','TAdaConv动作识别模型-英文-通用领域','TAdaConv是一种在动作识别模型中即插即用的时序自适应卷积（Temporally-Adaptive Convolutions）。可以明显提升SlowFast、R2D和R3D等模型性能。'
'cv-maskdino-swin-l-image-instance-segmentation-coco','MaskDINO-SwinL图像实例分割','SOTA通用目标检测和实例分割模型，backbone使用Swin transformer large。'
'speech-inverse-text-processing-fun-text-processing-itn-ja','语音识别-日语-后处理- ITN模型','日语文本反正则化。Inverse Text Processing for Japanese.'
'ofa-pretrain-base-zh','OFA预训练模型-中文-通用领域-base','OFA的预训练ckpt，能够在完全不改变模型结构的情况下进行下游任务的finetune，是finetune的基础ckpt。'
'speech-charctc-kws-phone-xiaoyun-commands','CTC语音唤醒-移动端-单麦-16k-小云-多命令词','移动端语音多命令词模型，我们根据以往项目积累，挑选了多个场景常用命令词数据进行模型迭代，所得单一模型支持30+关键词的快速检测。'
'cv-tinynas-object-detection-damoyolo-safety-helmet','实时安全帽检测-通用','本模型为高性能热门应用系列检测模型中的实时安全帽（头盔）检测模型，基于面向工业落地的高性能检测框架DAMOYOLO，其精度和速度超越当前经典的YOLO系列方法。用户使用的时候，仅需要输入一张图像，便可以获得图像中所有人头的坐标信息，以及是否佩戴安全帽（头盔）。更多具体信息请参考Model card。'
'speech-inverse-text-processing-fun-text-processing-itn-en','语音识别-英语-后处理- ITN模型','英语文本反正则化。Inverse Text Processing for English.'
'cv-swin-t-referring-video-object-segmentation','MTTR文本指导的视频目标分割-英文',''
'cv-resnet18-ocr-detection-db-line-level-damo','读光-文字检测-DB行检测模型-中英-通用领域',''
'speech-xvector-sv-zh-cn-cnceleb-16k-spk3465-pytorch','xvector说话人确认-中文-cnceleb-16k-离线-pytorch','该模型是使用CN-Celeb 1&2以及AliMeeting数据集预训练得到的说话人嵌入码（speaker embedding）提取模型。可以直接用于通用和会议场景的说话人确认和说话人日志等任务。在CN-Celeb语音测试集上EER为9.00%，在AliMeeting测试集上的EER为1.45%。'
'cv-tinynas-head-detection-damoyolo','实时人头检测-通用','本模型为高性能热门应用系列检测模型中的实时人头检测模型，基于面向工业落地的高性能检测框架DAMOYOLO，其精度和速度超越当前经典的YOLO系列方法。用户使用的时候，仅需要输入一张图像，便可以获得图像中所有人头的坐标信息，并可用于行人计数等后续应用场景。更多具体信息请参考Model card。'
'cv-resnet50-ocr-detection-vlpt','读光-文字检测-单词检测模型-英文-VLPT预训练','给定一张图片，检测出图内文字并给出多边形包围框。检测模型使用DB，backbone初始化参数基于多模态交互预训练方法VLPT。'
'cv-unet-person-image-cartoon-sd-design-compound-models','DCT-Net人像卡通化-扩散模型-插画','该模型采用全新的DCT-Net（Domain-Calibrated Translation） 域校准图像翻译模型，结合Stable-Diffusion模型进行小样本风格数据生成，从而训练得到高保真、强鲁棒、易拓展的人像风格转换模型。'
'cv-gpen-image-portrait-enhancement-hires','GPEN人像增强修复-大分辨率人脸','GPEN通过将预训练的人像生成网络嵌入到Unet网络中联合微调的方式在人像修复任务的多项指标中上达到了sota的结果。'
'multi-modal-clip-vtretrival-msrvtt-53','视频文本表征模型-英文-通用领域','该模型是在10亿公开英文图文数据训练的多模态模型。视觉encoder采用vit-large结构，文本encoder采用bert-base结构。 模型在视频文本检索等数据集上进行了zero-shot和finetune效果测试，能够在msrvtt上达到sota结果。'
'cv-ir50-face-recognition-arcface','ArcFace人脸识别模型','输入一张图片，检测矫正人脸区域后提取特征，两个人脸特征可用于人脸比对，多个人脸特征可用于人脸检索。'
'cv-unet-video-colorization','DeOldify视频上色','DeOldify 是上色领域比较有名的开源算法，模型利用 ResNet 作为 encoder 构建一个 UNet 结构的网络，并提出了多个不同的训练版本，本模型是用于视频上色的版本。'
'cv-resnet101-image-multiple-human-parsing','M2FP多人人体解析',''
'speech-inverse-text-processing-fun-text-processing-itn-de','语音识别-德语-后处理- ITN模型','德语文本反正则化。Inverse Text Processing for German.'
'speech-paraformer-tiny-commandword-asr-nat-zh-cn-16k-vocab544-pytorch','Paraformer语音识别-中文-端上指令词-16k-离线-tiny','轻量化小词表Paraformer中文指令词识别模型，参数量控制在5M左右，支持通用智能家居交互等常规指令词，并且使用share embedding策略进一步缩小参数量。'
'cv-swinl-image-object-detection-dino','DINO-高精度目标检测模型','本模型是DINO高精度目标检测模型，采用SwinL主干网络，在COCO验证集精度可达63.39%。'
'speech-data2vec-pretrain-zh-cn-aishell2-16k-pytorch','Data2vec语音识别-预训练-中文-aishell2-16k-pytorch','近年来，随着预训练的流行，许多研究致力于利用预训练的方式来充分利用大量的无监督数据，帮助提升在有监督语音数据有限情况下的语音识别的性能。wav2vec，HuBERT，WavLM等方法，都通过无监督预训练的方式在语音识别任务上取得了不错的识别率。2022年，Meta AI在ICML上提出了data2vec，具体结构如下图琐事，其能同时应用于语音、视觉、自然语言处理等不同模态，且都取得了不错的性能。'
'cv-resnet50-face-reconstruction','人脸重建模型',''
'cv-resnet-image-quality-assessment-mos-youtubeUGC','图像质量MOS评估','通过模型预测图像MOS分'
'cv-uhdm-image-demoireing','uhdm图像去摩尔纹','图像去摩尔纹'
'speech-paraformer-large-asr-nat-zh-cn-16k-aishell1-vocab8404-pytorch','Paraformer语音识别-中文-aishell1-16k-离线-large-pytorch','Paraformer是一种非自回归端到端语音识别模型。非自回归模型相比于目前主流的自回归模型，可以并行的对整条句子输出目标文字，特别适合利用GPU进行并行推理。Paraformer是目前已知的首个在工业大数据上可以获得和自回归端到端模型相同性能的非自回归模型。配合GPU推理，可以将推理效率提升10倍，从而将语音识别云服务的机器成本降低接近10倍。'
'speech-inverse-text-processing-fun-text-processing-itn-ru','语音识别-俄语-后处理- ITN模型','俄语文本反正则化。Inverse Text Processing for Russian.'
'cv-resnet50-product-bag-embedding-models','商品图像同款特征','本模型是对商品图像进行表征向量提取，用户可基于表征向量进行大规模的同款/相似款商品搜索；无需额外输入，模型可自动进行箱包商品的主体抠图，并基于主体提取结果完成表征向量提取。'
'speech-inverse-text-processing-fun-text-processing-itn-pt','语音识别-葡萄牙语-后处理- ITN模型','葡萄语文本反正则化。Inverse Text Processing for Portuguese.'
'cv-mobilenet-v2-bad-image-detecting','异常图像检测','基于mobilenet-v2的简化版网络，检测图像是否为花屏、绿屏或者正常图像。'
'speech-inverse-text-processing-fun-text-processing-itn-vi','语音识别-越南语-后处理- ITN模型','越南语文本反正则化。Inverse Text Processing for Vietnamese.'
'speech-inverse-text-processing-fun-text-processing-itn-fr','语音识别-法语-后处理- ITN模型','法语文本反正则化。Inverse Text Processing for French.'
'speech-inverse-text-processing-fun-text-processing-itn-es','语音识别-西班牙-后处理- ITN模型','西班牙文本反正则化。Inverse Text Processing for Spanish.'
'cv-daflow-virtual-try-on-base','DAFlow虚拟试衣模型-VITON数据','DAFlow是一种单阶段虚拟试衣框架，无需中间分割结果作为label，直接用模特上身图作为监督。同时本工作提出一种新的空间变换结构，在虚拟试衣和一些变换任务上达到SOTA.'
'cv-resnet101-image-single-human-parsing','M2FP单人人体解析',''
'speech-inverse-text-processing-fun-text-processing-itn-id','语音识别-印尼语-后处理- ITN模型','印尼语文本反正则化。Inverse Text Processing for Indonesian.'
'cv-resnet50-image-quality-assessment-degradation','图像画质损伤分析',''
'cv-yolov5-video-multi-object-tracking-fairmot','视频多目标跟踪-行人','该模型采用基于FairMOT的方案，输入待跟踪视频，可端对端推理得到视频中的所有行人的运动轨迹。'
'speech-inverse-text-processing-fun-text-processing-itn-ko','语音识别-韩语-后处理- ITN模型','韩语文本反正则化。Inverse Text Processing for Korean.'
'speech-inverse-text-processing-fun-text-processing-itn-tl','语音识别-菲律宾语-后处理- ITN模型','菲律宾语文本反正则化。Inverse Text Processing for Tagalog.'
'mgeo-backbone-chinese-base','MGeo多任务多模态地址预训练底座-中文-base','MGeo是适用于多种地址任务的预训练底座模型，该模型基于地图-文本多模态架构，使用多任务预训练（MOMETAS）技术融合了注意力对抗预训练（ASA）、句子对预训练（MaSTS）、多模态预训练，训练得到适合于多类地址任务的预训练底座，能够下游广泛的地址处理任务带来性能提升。'
'ofa-text-classification-mnli-large-en','OFA自然语言推理模型-英文-数据集MNLI-large','给定一个前提句和一个假设句，任务是预测前提是否包含假设（蕴含），与假设相矛盾（矛盾），或者两者都不包含（中性）。'
'cv-unet-universal-matting','BSHM通用抠图',''
'cv-vgg19-facial-expression-recognition-fer','人脸表情识别模型FER','给定一张带人脸的图片，返回图片中人脸的表情。目前支持7种表情：愤怒，厌恶，恐惧，快乐，悲伤，惊讶，中立。'
'cv-unet-person-image-cartoon-sd-illustration-compound-models','DCT-Net人像卡通化-扩散模型-漫画',''
'cv-raft-video-frame-interpolation-practical','VFI-RAFT视频插帧-应用型','偏实际应用的视频插帧模型，相较原版模型，该模型能支持任意倍率的帧率转换，同时在各种困难场景下如大运动、重复纹理、台标字幕等有更好更稳定的插帧效果。'
'speech-conformer-asr-nat-zh-cn-16k-aishell1-vocab4234-pytorch','Conformer语音识别-中文-aishell1-16k-离线-pytorch','Conformer模型通过在self-attenion基础上叠加卷积模块来加强模型的局部信息建模能力，进一步提升了模型的效果。Conformer已经在AISHELL-1、AISHELL-2、LibriSpeech等多个开源数据上取得SOTA结果。'
'ofa-pretrain-tiny-en','OFA预训练模型-英文-通用领域-tiny','OFA的预训练ckpt，能够在完全不改变模型结构的情况下进行下游任务的finetune，是finetune的基础ckpt。'
'cv-video-inpainting','视频编辑-通用领域','视频inpainting模型，输入视频和mask，可实现对指定帧范围内的video inpainting'
'cv-ir-face-recognition-ood-rts','人脸识别OOD模型',''
'cv-resnet101-detection-fewshot-defrcn','defrcn少样本目标检测',''
'speech-paraformer-large-asr-nat-zh-cn-16k-aishell2-vocab8404-pytorch','Paraformer语音识别-中文-aishell2-16k-离线-large-pytorch','Paraformer是一种非自回归端到端语音识别模型。非自回归模型相比于目前主流的自回归模型，可以并行的对整条句子输出目标文字，特别适合利用GPU进行并行推理。Paraformer是目前已知的首个在工业大数据上可以获得和自回归端到端模型相同性能的非自回归模型。配合GPU推理，可以将推理效率提升10倍，从而将语音识别云服务的机器成本降低接近10倍。'
'cv-manual-face-liveness-flxc','静默人脸活体检测模型-炫彩','静默人脸活体检测模型-炫彩'
'ofa-summarization-gigaword-large-en','OFA文本摘要-英文-数据集gigaword-large','gigaword摘要任务：给定长文本，输出文本摘要。'
'speech-transformer-lm-zh-cn-common-vocab8404-pytorch','Transformer语言模型-中文-通用-pytorch','Transformer-LM基于Transformer模型的decoder架构构建，使用Masked Self-Attention来隐藏下文信息，只使用历史信息对目标进行预测。'
'cv-object-detection-3d-depe','DEPE-3D目标检测-自动驾驶领域','DEPE是基于Transformer的纯视觉3D目标检测模型，在PETRV2基础上，使用LiDAR点云监督depth训练并提升3DPE的准确度，推理阶段只依赖视觉信息，相比原PETRv2方法在nuScenes-val上有0.52%的提升。'
'cv-tinynas-object-detection-damoyolo-traffic-sign','实时交通标识检测-自动驾驶领域','本模型为高性能热门应用系列检测模型中的交通标识检测模型，基于面向工业落地的高性能检测框架DAMOYOLO，其精度和速度超越当前经典的YOLO系列方法。用户使用的时候，仅需要输入一张图像，便可以获得图像中所有交通标识的坐标信息。更多具体信息请参考Model card。'
'ofa-pretrain-base-en','OFA预训练模型-英文-通用领域-base','OFA的预训练ckpt，能够在完全不改变模型结构的情况下进行下游任务的finetune，是finetune的基础ckpt。'
'cv-ddsar-face-detection-iclr23-damofd','DamoFD人脸检测关键点模型-0.5G','给定一张图片，返回图片中人脸区域的位置和五点关键点。DamoFD-0.5G为Damo自研的sota轻量级人脸检测器，针对如何设计可以预测stage-level表征能力的精度预测器，DamoFD从刻画network expressivity的角度出发，提出了SAR-score来无偏的刻画stage-wise network expressivity，进而Auto搜索了适合人脸检测的backbone结构。后续被ICLR23接收。'
'cv-tinynas-object-detection-damoyolo-phone','实时手机检测-通用','本模型为高性能热门应用系列检测模型中的实时手机检测模型，基于面向工业落地的高性能检测框架DAMOYOLO，其精度和速度超越当前经典的YOLO系列方法。用户使用的时候，仅需要输入一张图像，便可以获得图像中所有手机的坐标信息，并可用于打电话检测等后续应用场景。更多具体信息请参考Model card。'
'cv-resnet50-live-category','直播商品类目识别模型-中文-电商领域','本模型采用ResNet-50网络结构，对直播视频进行商品类目识别，输入视频片段，输出直播商品类目标签，目前已经覆盖了8K多类的细粒度的商品类别。'
'cv-hdformer-body-3d-keypoints-video','HDFormer人体关键点-通用领域-3D','输入一段单人视频，实现端到端的3D人体关键点检测，输出视频中每一帧的3D人体关键点坐标。'
'cv-r2p1d-video-embedding','CMD视频表征模型','一种自监督视频表征学习方案，通过在代理任务中显式地解耦场景与运动信息（context and motion decoupling），强制视频模型同时捕捉静态背景与动态行为两方面特征。'
'ofa-visual-entailment-snli-ve-distilled-v2-en','OFA视觉语义蕴含-英文-通用领域-蒸馏33M','视觉蕴含任务：给定一个图像作为前提，一个自然语言句子作为假设，要求模型正确分配图像和文本三个标签（蕴含、中性和矛盾）。'
'cv-manual-face-liveness-flrgb','人脸活体检测模型-RGB',''
'cv-resnet-transformer-table-structure-recognition-lore','读光-表格结构识别-无线表格',''
'ofa-visual-entailment-snli-ve-large-en','OFA图像语义蕴含-英文-通用领域-large','图文蕴含任务：给定图片和文本a（对图片的陈述），文本b（可选），判断文本c是否成立。'
'cv-nerf-3d-reconstruction-accelerate-damo','NeRF快速三维重建模型','输入一段环绕物体一周的视频，基于隐式神经辐射场（NeRF），对该物体进行快速3d重建渲染。'
'cv-manual-face-liveness-flir','人脸活体检测模型-IR',''
'speech-UniASR-asr-2pass-pt-16k-common-vocab1617-tensorflow1-online','UniASR语音识别-葡萄牙语-通用-16k-实时','UniASR是离线流式一体化语音识别系统。UniASR同时具有高精度和低延时的特点，不仅能够实时输出语音识别结果，而且能够在说话句尾用高精度的解码结果修正输出，与此同时，UniASR采用动态延时训练的方式，替代了之前维护多套延时流式系统的做法。'
'speech-UniASR-asr-2pass-pt-16k-common-vocab1617-tensorflow1-offline','UniASR语音识别-葡萄牙语-通用-16k-离线','UniASR是离线流式一体化语音识别系统。UniASR同时具有高精度和低延时的特点，不仅能够实时输出语音识别结果，而且能够在说话句尾用高精度的解码结果修正输出，与此同时，UniASR采用动态延时训练的方式，替代了之前维护多套延时流式系统的做法。'
'cv-ecbsr-image-super-resolution-mobile','ECBSR端上图像超分模型','ECBSR模型基于Edgeoriented Convolution Block (ECB)模块构建，完整模型可导出为简洁的CNN网络结构，适用于移动端、嵌入式等严格限制算力的场景。'
'cv-dro-resnet18-video-depth-estimation-indoor','循环神经优化器-视频流深度和相机轨迹估计','我们提出zero-order的循环神经网络优化器（DRO）, 不需要求解梯度, 直接利用神经网络来预测下次更新的方向和步长。将优化目标cost，放入到神经网络中，每次迭代都会参考之前尝试的历史信息，从而给出更加精准的预测。也就是说，如果错误的预测值，就会使得cost变大，正确的预测值会使得cost变小，在不断尝试中，神经网络学习到了如何使得cost变小。'
'cv-manual-face-quality-assessment-fqa','人脸质量模型FQA','人脸质量模型FQA'
'ofa-image-caption-meme-large-zh','OFA表情包文本生成器',''
'speech-UniASR-asr-2pass-fa-16k-common-vocab1257-pytorch-online','UniASR语音识别-波斯语-通用-16k-实时','UniASR是离线流式一体化语音识别系统。UniASR同时具有高精度和低延时的特点，不仅能够实时输出语音识别结果，而且能够在说话句尾用高精度的解码结果修正输出，与此同时，UniASR采用动态延时训练的方式，替代了之前维护多套延时流式系统的做法。'
'speech-UniASR-asr-2pass-vi-16k-common-vocab1001-pytorch-online','UniASR语音识别-越南语-通用-16k-实时','UniASR是离线流式一体化语音识别系统。UniASR同时具有高精度和低延时的特点，不仅能够实时输出语音识别结果，而且能够在说话句尾用高精度的解码结果修正输出，与此同时，UniASR采用动态延时训练的方式，替代了之前维护多套延时流式系统的做法。'
'cv-cartoon-stable-diffusion-design','卡通系列文生图模型',''
'cv-mdm-motion-generation','运动生成-人体运动-英文','根据文本描述，生成对应的人体运动数据'
'cv-cartoon-stable-diffusion-clipart','卡通系列文生图模型-剪贴画',''
'speech-UniASR-asr-2pass-vi-16k-common-vocab1001-pytorch-offline','UniASR语音识别-越南语-通用-16k-离线','UniASR是离线流式一体化语音识别系统。UniASR同时具有高精度和低延时的特点，不仅能够实时输出语音识别结果，而且能够在说话句尾用高精度的解码结果修正输出，与此同时，UniASR采用动态延时训练的方式，替代了之前维护多套延时流式系统的做法。'
'ofa-image-caption-coco-6b-en','OFA图像描述-英文-通用领域-6B','根据用户输入的任意图片，AI智能创作模型写出“一句话描述”，可用于图像标签和图像简介。'
'ofa-pretrain-large-en','OFA预训练模型-英文-通用领域-large','OFA的预训练ckpt，能够在完全不改变模型结构的情况下进行下游任务的finetune，是finetune的基础ckpt。'
'cv-quadtree-attention-image-matching-outdoor','',''
'cv-resnet50-image-classification-cc','内容审核模型-鉴黄',''
'ofa-pretrain-huge-en','OFA预训练模型-英文-通用领域-huge','OFA的预训练ckpt，能够在完全不改变模型结构的情况下进行下游任务的finetune，是finetune的基础ckpt。'
'mplug-image-text-retrieval-flickr30k-large-en','mPLUG图文检索模型-英文-large','达摩MPLUG英文图文检索large模型'
'cv-diffusion-image-segmentation','DDPM-Seg基于扩散模型的语义分割',''
'cv-unet-video-deinterlace','视频去场纹','视频去场纹，相比较于yadif、DIN等SOTA方法，对于大运动和低画质场景下的场纹有较好的场纹去除能力'
'speech-ecapa-tdnn-sv-en-voxceleb-16k','ECAPATDNN说话人确认-英文-VoxCeleb-16k','ECAPA TDNN模型是说话人识别领域的常用模型之一，该模型在公开数据集VoxCeleb2上进行训练，VoxCeleb-O上的EER指标为0.862。该模型适用于16k英文测试数据，可以用于说话人确认、说话人日志等任务。'
'ofa-pretrain-large-zh','OFA预训练模型-中文-通用领域-large','OFA的预训练ckpt，能够在完全不改变模型结构的情况下进行下游任务的finetune，是finetune的基础ckpt。'
'cv-swinb-video-panoptic-segmentation-vipseg','视频全景分割-VideoKNet-SwinB','基于Video-K-Net架构，SwinB作为backbone的视频全景分割模型。'
'cv-unifuse-panorama-depth-estimation','基于单向融合的全景图深度估计','单目全景图的深度估计'
'ofa-pretrain-medium-en','OFA预训练模型-英文-通用领域-medium','OFA的预训练ckpt，能够在完全不改变模型结构的情况下进行下游任务的finetune，是finetune的基础ckpt。'
'cv-stable-diffusion-paint-by-example','图像示例替换','给定一张原图和对应的mask区域，将给定的参考图自适应地替换上去'
'cv-rdevos-video-object-segmentation','基于循环动态编码的视频目标分割','给定一个视频帧序列，和视频第一帧中想要分割的不同物体的掩码(mask)，模型会预测视频后续帧中对应物体的掩码(mask)'
'speech-ptts-autolabel-16k','个性化语音合成-自动标注模型-16k','用于训练个性化语音合成模型的自动标注工具依赖的模型资源'
'cv-vit-b32-retrieval-vop-bias','VoP: 通用跨模态视频检索模型-系列-bias','VoP的系列作品，一些可用于横向对比的模型。VoP主CARD见 https://modelscope.cn/models/damo/cv_vit-b32_retrieval_vop/summary'
'cv-vitb-video-single-object-tracking-procontext','ProContEXT视频单目标跟踪-通用领域','该模型是基于Transformer的单目标跟踪网络，在开源数据集GOT-10k, TrackingNet上均达到SOTA精度。'
'cv-manual-face-recognition-frir','IR人脸识别模型FRIR','IR人脸识别模型FRIR'
'cv-manual-face-recognition-frfm','口罩人脸识别模型FRFM-large','口罩人脸识别模型FRFM-large'
'cv-cartoon-stable-diffusion-flat','卡通系列文生图模型-扁平风',''
'cv-cartoon-stable-diffusion-illustration','卡通系列文生图模型-漫画风',''
'cv-cartoon-stable-diffusion-watercolor','卡通系列文生图模型-水彩风',''
'cv-adaint-image-color-enhance-models','Adaptive-Interval-3DLUT图像调色',''
'cv-ddsar-face-detection-iclr23-damofd-2_5G','DamoFD人脸检测关键点模型-2.5G','给定一张图片，返回图片中人脸区域的位置和五点关键点。针对如何设计可以预测stage-level表征能力的精度预测器，DamoFD从刻画network expressivity的角度出发，提出了SAR-score来无偏的刻画stage-wise network expressivity，进而Auto搜索了适合人脸检测的backbone结构。后续被ICLR23接收。'
'cv-ddsar-face-detection-iclr23-damofd-10G','DamoFD人脸检测关键点模型-10G','给定一张图片，返回图片中人脸区域的位置和五点关键点。针对如何设计可以预测stage-level表征能力的精度预测器，DamoFD从刻画network expressivity的角度出发，提出了SAR-score来无偏的刻画stage-wise network expressivity，进而Auto搜索了适合人脸检测的backbone结构。后续被ICLR23接收。'
'cv-ddsar-face-detection-iclr23-damofd-34G','DamoFD人脸检测关键点模型-34G','给定一张图片，返回图片中人脸区域的位置和五点关键点。针对如何设计可以预测stage-level表征能力的精度预测器，DamoFD从刻画network expressivity的角度出发，提出了SAR-score来无偏的刻画stage-wise network expressivity，进而Auto搜索了适合人脸检测的backbone结构。后续被ICLR23接收。'
'cv-man-image-quality-assessment','MAN图像质量评估','图像质量评估MAN模型'
