audio,text
https://cube-studio.oss-cn-hangzhou.aliyuncs.com/labelstudio/asr/BAC009S0764W0121.wav,甚至出现交易几乎停滞的情况
https://cube-studio.oss-cn-hangzhou.aliyuncs.com/labelstudio/asr/BAC009S0901W0128.wav,该政策在七月份实施一周后
https://cube-studio.oss-cn-hangzhou.aliyuncs.com/labelstudio/asr/BAC009S0908W0131.wav,国管住房公积金中心则表示取消担保服务费
https://cube-studio.oss-cn-hangzhou.aliyuncs.com/labelstudio/asr/BAC009S0765W0123.wav,经济热点导读专家认为
https://cube-studio.oss-cn-hangzhou.aliyuncs.com/labelstudio/asr/BAC009S0902W0128.wav,另外要处理公积金异地使用的问题
https://cube-studio.oss-cn-hangzhou.aliyuncs.com/labelstudio/asr/BAC009S0912W0131.wav,为经济社会发展提供了重要基础和支持
https://cube-studio.oss-cn-hangzhou.aliyuncs.com/labelstudio/asr/BAC009S0766W0122.wav,是当今广告行业的需要
https://cube-studio.oss-cn-hangzhou.aliyuncs.com/labelstudio/asr/BAC009S0903W0129.wav,北上广深四个一线城市已经全部放开公积金房贷业
https://cube-studio.oss-cn-hangzhou.aliyuncs.com/labelstudio/asr/BAC009S0913W0175.wav,也有利于部分企业的资金周转
https://cube-studio.oss-cn-hangzhou.aliyuncs.com/labelstudio/asr/BAC009S0767W0123.wav,金九整合营销集团迎来了他的十岁生日
https://cube-studio.oss-cn-hangzhou.aliyuncs.com/labelstudio/asr/BAC009S0904W0131.wav,公积金贷款上限能够覆盖单套房总价
https://cube-studio.oss-cn-hangzhou.aliyuncs.com/labelstudio/asr/BAC009S0914W0138.wav,而现在这类城市的房价已经很高
https://cube-studio.oss-cn-hangzhou.aliyuncs.com/labelstudio/asr/BAC009S0768W0125.wav,年初往往是土地供应的淡季
https://cube-studio.oss-cn-hangzhou.aliyuncs.com/labelstudio/asr/BAC009S0905W0131.wav,但专家预计短期央行仍可能会积极维稳
https://cube-studio.oss-cn-hangzhou.aliyuncs.com/labelstudio/asr/BAC009S0915W0137.wav,一些楼盘新房价格出现微涨
https://cube-studio.oss-cn-hangzhou.aliyuncs.com/labelstudio/asr/BAC009S0769W0126.wav,北京去年土地出让落下大幕
https://cube-studio.oss-cn-hangzhou.aliyuncs.com/labelstudio/asr/BAC009S0906W0127.wav,而南昌除了放松首套房界定标准
https://cube-studio.oss-cn-hangzhou.aliyuncs.com/labelstudio/asr/BAC009S0916W0139.wav,不用花那么大的成本去解决安全的问题
https://cube-studio.oss-cn-hangzhou.aliyuncs.com/labelstudio/asr/BAC009S0770W0125.wav,发现土地成本占比持续提升
https://cube-studio.oss-cn-hangzhou.aliyuncs.com/labelstudio/asr/BAC009S0907W0128.wav,住建部官员发表文章指出